seqs,count,mean,std,min,25%,50%,75%,max
"A/Sydney/21/2019, A/Novosibirsk/RII-5054S/2019",100.0,0.00012058680011284755,0.00011508387508887877,2.9230866841615876e-06,5.356744909706878e-05,9.256166563697543e-05,0.00013920450456882344,0.0006556022184204928
"A/Pays_de_Loire/040/2019, A/Singapore/SGH0603/2018",100.0,0.002720138248354131,0.000911784663224557,0.0009452835859550758,0.0019365342264215527,0.002815937542918774,0.003501543585774406,0.004765205483638537
"A/Samsun/811/2018(23), A/Greece/195/2019",100.0,0.00018982113156489143,0.00016812138920939347,1.315061216534194e-05,8.590139409141947e-05,0.00012818151922387695,0.00024157667466223202,0.000671320893631962
"A/Santiago/38879/2018, A/Nepal/19FL1203/2019",100.0,0.00016177401506976537,0.00015012834761578536,4.136710173565327e-06,4.744408834018242e-05,0.0001022797804031775,0.0002542581407989772,0.0008240972862655169
"A/Luxembourg/19007251/2019, A/Portugal/151/2019",100.0,0.00019604154096949033,0.0003317938787643808,0.0,1.8021374939984888e-05,3.8111143119757136e-05,0.0001103251675341692,0.0014286189395948477
"A/Michigan/410/2018, A/Netherlands/00429/2019",100.0,0.004469430062226096,0.0012461776508906658,0.002047954931338698,0.00359645809197906,0.004197056421041926,0.0052515234272670006,0.007520256635452688
"A/Burkina_Faso/1055/2018, A/Haute_Normandie/1608/2019",100.0,0.00162879206765474,0.0006441358335100889,0.0005532890151983782,0.0011098064470952836,0.0014599526981410307,0.0020935005478655137,0.0034347400608942483
"A/Ukraine/8106/2018, A/Kuwait/6353/2018",100.0,0.0002030645654442866,0.0001528228014501192,2.275406881456968e-05,0.00010175221986826145,0.0001693901134694475,0.00025625454118510213,0.0007931881661643538
"A/SAPPORO/65/2018, A/South_Australia/186/2018",100.0,0.0036360669056944507,0.0010648857561798186,0.0013859745174352911,0.0028783920344122586,0.0035896123223925795,0.004373316945496863,0.00657017724633446
"A/NIIGATA/95/2019, A/Newcastle/104/2018",100.0,0.0012194061334302748,0.0007150706749171032,0.000232169087265283,0.0007084700017905462,0.001133329431376424,0.0014718250493766425,0.003568994522686312
