seqs,count,mean,std,min,25%,50%,75%,max
"A/Brisbane/112/2018, A/USA/SC6009/2018",100.0,0.0010929866711868437,0.0006940621739042849,0.00026750719468727314,0.0006055918871001021,0.0009056117658624113,0.0012975274779946533,0.004036851508124888
"A/Concepcion/64115/2018, A/Neimenggu-Alashanzuoqi/123/2019",100.0,0.004501058158916421,0.0014514078056208197,0.0020858315439817032,0.0034879912711473274,0.004450003677043625,0.005285727127263349,0.008347459437647411
"A/Singapore/GP2022/2018, A/Nova_Scotia/RV2912/2018",100.0,0.0028107697033586637,0.0010754109708287314,0.001308569208419571,0.0018859619664708433,0.0027209132114945473,0.003345727689880936,0.006191462019069043
"A/Sydney/182/2018, A/Wisconsin/436/2018",100.0,0.0004363053936881633,0.0003334254570096457,3.947055578034105e-05,0.00017417043129734156,0.0003102311447223352,0.0006458647826627739,0.0014767699429018076
"A/Bretagne/1565/2017__(18/178), A/Victoria/908/2018",100.0,0.0019529444076476995,0.0011107946749300216,0.0005776704895067879,0.0012230841327459106,0.0017255844401589619,0.0021633101536832175,0.006521778347750436
"A/Wisconsin/424/2018, A/Coyhaique/39731/2018",100.0,0.0016684016387125637,0.0008662000392394652,6.163727696636603e-05,0.0013200895342895592,0.0017080795251499708,0.002155888757450995,0.0036407084911773036
"A/Tennessee/15/2018, A/Port_Talbot/5533/2018",100.0,0.0004307894581775924,0.00033515909946317714,2.0290666837692392e-05,0.00016744720939787665,0.00030945186360753507,0.0006458647826627739,0.0014623454863214632
"A/Lisboa/niSU518_17-18/2018, A/Brisbane/156/2018",100.0,0.00037477135026512065,0.00029964677195381395,7.659920052150302e-05,0.00019444043189504332,0.0002763450155488864,0.0004566387287606533,0.0017473282986446767
"A/Victoria/1003/2018, A/Washington/97/2018",100.0,0.0011785774348650395,0.0005999615907294002,5.909540327319355e-05,0.0009689980876436063,0.0014190707740167551,0.0015003428687912256,0.002659030338482679
"A/Indonesia/NIHRD-MKS540/2018, A/Taiwan/81145/2018",100.0,0.0033393147154631765,0.0013199601279480018,0.0014996829965752763,0.002467441024868259,0.002920744526461073,0.003953693243489516,0.008995486816112598
