seqs,count,mean,std,min,25%,50%,75%,max
"A/Michigan/20/2016, A/Batman/2857/2016",100.0,1.4455912076612818e-05,2.5217428657422474e-05,0.0,2.465579122620673e-06,5.645019137782056e-06,1.4070772257583918e-05,0.00015599725170408675
"A/England/60400003/2016, A/Saint-Petersburg/RII362S/2016",100.0,0.00047980490403448113,0.0013047251576061324,6.83803432860721e-06,4.301148933245929e-05,0.000168472091521307,0.00047199690834197057,0.012705152377799574
"A/Rostov/CRIE-158/2016, A/Slovenia/716/2016",100.0,4.928374216078549e-05,8.082340177641666e-05,0.0,2.107515462451597e-05,3.0982599866148686e-05,4.406398520984349e-05,0.000490056236511239
"A/Arizona/50/2015, A/Krasnodar/CRIE-199/2016",100.0,4.34955729157048e-05,5.064462143825568e-05,8.172282420015023e-07,1.2940992752039237e-05,2.3738364685777035e-05,4.703906499639423e-05,0.0002573139382451904
"A/Arizona/13/2016, A/Czech_Republic/11/2016",100.0,2.461671065059272e-05,5.229666503793639e-05,0.0,3.4902086551896937e-06,8.058302971910726e-06,1.4548806118121711e-05,0.00032876471230833493
"A/England/329/2016, A/Clermont_Ferrand/2611/2015",100.0,0.0003039512354542868,0.00022523782229940133,1.0925045384423871e-05,6.992953757028668e-05,0.0003405115672339768,0.0004285720199062101,0.0009760383335914462
"A/Ankara/2193/2015, A/Michigan/12/2016",100.0,0.0,0.0,0.0,0.0,0.0,0.0,0.0
"A/Franche_Comte/401/2016, A/New_Mexico/03/2016",100.0,0.0,0.0,0.0,0.0,0.0,0.0,0.0
"A/GUNMA/4/2016, A/Arizona/49/2015",100.0,4.3489265297174504e-06,2.1749362146347993e-05,0.0,0.0,0.0,1.5752558177629839e-06,0.00019799516434478725
"A/Maryland/04/2016, A/Kazakhstan/241/2016",100.0,0.0001553339191725304,0.0009204486328541623,0.0,1.20851001339759e-05,2.4215572022257372e-05,0.00012129427412102534,0.009228859483661781
