seqs,count,mean,std,min,25%,50%,75%,max
"A/Ecuador/2375/2015, A/Jordan/11392/2015",100.0,0.001244520647890087,0.0010411245489732788,8.158781594642474e-05,0.0005440323824859755,0.0010095116525721654,0.0017017668291007529,0.007572648938095862
"A/Kenya/006/2015, A/Valdivia/78346/2015",100.0,0.002241645520716719,0.006862261190177558,0.00010777242778810084,0.0005236412128599456,0.0014704710950093447,0.0017370221473509966,0.059905995208397955
"A/Indonesia/Nihrd-Mks101/2015, A/Mexico/85/2016",100.0,0.0006216331084735388,0.000758824299436433,2.3152263648600677e-06,4.111351975352902e-05,5.961105663906416e-05,0.0011790104068174702,0.004133772933173532
"A/Guyane/1759/2015, A/South Dakota/03/2016",100.0,0.0006146824876995327,0.0006277791599673793,1.1813504885046253e-05,6.01208640956086e-05,0.0001197768711512705,0.0012074021074343186,0.001839936112048307
"A/Zambia/0339/2015, A/Jordan/30338/2015",100.0,8.680626669984885e-06,7.48388762548551e-06,0.0,4.052543136868161e-06,6.190047320138686e-06,1.2370231298237277e-05,5.3946556915851226e-05
"A/Kenya/Kilifi-049/2015, A/Taipei/0045/2016",100.0,0.0004112012933908456,0.0005005996250912423,1.9549823346630832e-06,1.94360674354568e-05,3.73695422238155e-05,0.000856703070291167,0.0019214420033385482
"A/El_Salvador/240/2015, A/Brazil/01/2016",100.0,0.0008403895187171615,0.000661713631823318,6.074627334877003e-05,0.0003441930892382305,0.000532441419559235,0.0014592833971711625,0.003686978662327285
"A/India/4816/2015, A/Wisconsin/25/2015",100.0,0.00017932185842363133,0.000524701279235583,0.0,1.2827047218205402e-05,2.4212254911672115e-05,5.386809660396239e-05,0.0030581486173045383
"A/Nicaragua/8583_02/2015, A/Zambia/0006/2015",100.0,0.0006265571864110779,0.0006851676347807583,0.00011176368745701556,0.00020830914190661471,0.00029612703382858846,0.0008144807514506668,0.003215852229184967
"A/Bangladesh/7001/2015, A/Stockholm/21/2015",100.0,0.0007377782373406951,0.003533047218424787,6.790691997554253e-05,0.0001444609995424112,0.00020861538428351313,0.0004304780963580626,0.035463277189735715
