seqs,count,mean,std,min,25%,50%,75%,max
"A/Ohio/10173/2019, A/Iran/203838/2019",100.0,0.0017501408198082316,0.0010215224405884407,0.00022053562463110216,0.0008734382264871731,0.0016250444120007022,0.0024478002810016863,0.005208547808428387
"A/Delaware/35/2019, A/North_Carolina/11597/2020",100.0,0.0013596951299259996,0.0008196432604241328,0.00011026186617770812,0.000696981833293511,0.0010423506570860761,0.001967558699613902,0.0036495716127719637
"A/Bahrain/350/2019, A/Guangdong-Maonan/SWL1599/2019",100.0,0.00038112303940801296,0.0003884766167504904,3.03704953986498e-05,0.00015956893190950872,0.0002632124548252577,0.0004401864143029428,0.0025058265889884904
"A/Bangladesh/3020/2019, A/Hubei-Fancheng/SWL1140/2019",100.0,0.001784813344903462,0.0010014601998278542,0.00035966658623176606,0.0010274554443811595,0.0015852470565989691,0.0022052747969540775,0.005332864890541077
"A/Myanmar/19M167/2019, A/New_Mexico/33/2019",100.0,2.7636570350138938e-05,7.903820720027393e-05,0.0,2.1494683984578165e-06,5.020743337126679e-06,1.711379170211507e-05,0.0003976771725195613
"A/Nevada/9885/2019, A/Colorado/16/2019",100.0,0.002270208471851098,0.001311878301219163,0.0007348376634931255,0.0012077642792535396,0.001890984678823031,0.0030931240600586326,0.005547605918967353
"A/Pennsylvania/604/2019, A/New_York/28/2019",100.0,0.002572324061435517,0.001115662118106468,0.0004942053132950154,0.0017671886459048685,0.0025485714092147987,0.003087200646107508,0.007457436950063309
"A/Missouri/8779/2019, A/Zhejiang-Nanxun/SWL11023/2019",100.0,0.0018099711176361487,0.001107541832987235,0.00018825886070152176,0.0009668265004202117,0.0015728441609980473,0.002502524105939198,0.005272181197399727
"A/Iowa/41/2019, A/Salalah/5832/2019",100.0,0.00103488653786639,0.0009615344015269928,6.526501999272816e-05,0.0002922122920869839,0.0007502134718857269,0.001459135002148431,0.004707167160778414
"A/Lebanon/380/2019, A/Belgium/G0237/2020",100.0,0.002899362959471148,0.0016154167353941422,0.0009274327336695707,0.00182072526042497,0.002644334455622811,0.003535372680591569,0.012642825276304082
