seqs,count,mean,std,min,25%,50%,75%,max
"A/Temuco/46177/2019, A/Washington/617/2019",100.0,0.0,0.0,0.0,0.0,0.0,0.0,0.0
"A/Delaware/32/2019, A/Michigan/15/2020",100.0,0.0009734226258950159,0.000933534473232057,4.28908592037065e-05,0.00017251147584796994,0.0004253454032852015,0.0016967872598276307,0.0033251002051091897
"A/Pennsylvania/706/2019, A/Minnesota/13/2019",100.0,0.00014492521191480419,0.000332177487287352,9.461763673141215e-07,1.7034087831483473e-05,3.0036000144557856e-05,8.362891108098231e-05,0.0020117550841224153
"A/Michigan/15/2020, A/Temuco/54900/2019",100.0,0.001119267251795646,0.0010238067727650964,4.295090684421351e-05,0.00017611847200702064,0.0009885347943749392,0.0017372593047701075,0.003983719526164956
"A/Alaska/57/2019, A/Texas/11918/2019",100.0,0.001062731221844659,0.0010760258406389766,1.8554453600467597e-05,0.00016525946948192584,0.0005936446397822404,0.0016766529112231577,0.0056021480694749435
"A/Texas/415/2019, A/Temuco/58663/2019",100.0,0.00020436760449864215,0.0002935647496715366,8.471095108457884e-06,4.864280684069533e-05,8.663671530938025e-05,0.00015800035689868977,0.0013826012236814768
"A/Nicaragua/1342/2019, A/Iowa/24/2019",100.0,0.0002219930974034197,0.00029198783919545375,1.3450665355229673e-05,6.532422383632504e-05,0.00010894662350432396,0.0002373151256880952,0.0014293293505870184
"A/Maryland/10819/2019, A/Santa_Catarina/706/2019",100.0,0.001129933200176067,0.0009286142646555023,3.277964557733236e-05,0.00025410531928807354,0.0014071695527919327,0.0016102243182988035,0.0034148885531204137
"A/New_York/03/2020, A/Connecticut/19/2019",100.0,0.00017153434085052339,0.00024316964479176534,3.2280314823239724e-07,6.596247525273552e-05,0.00011435787885347929,0.00018971621137527534,0.0017653401237509117
"A/Ohio/12/2019, A/Minnesota/13/2019",100.0,3.9237026548182954e-05,0.00012488671596198596,0.0,1.4181314609224845e-06,5.142377443910899e-06,1.242128303889051e-05,0.0009619802742184967
