ldistance,qdistance,step
67,0.0016056328648282783,1
157,0.007682772828515205,2
191,0.007099920352972711,3
213,0.009289831835434975,4
226,0.011654185398724587,5
