seqs,count,mean,std,min,25%,50%,75%,max
"A/Brisbane/17/2017, A/Netherlands/3792/2016",100.0,0.001031138113370904,0.0006570376358415451,0.0001805756291929457,0.0004921206418494279,0.000963082031553707,0.0012766112321855243,0.004093115314003229
"A/Mali/6025/2016, A/Espirito_Santo/511/2016",100.0,0.0009189863400670975,0.00034662748112113654,0.0004884511821765552,0.0007087520635711007,0.0007766781872523388,0.0009009571504283265,0.001622975157531218
"A/Delaware/07/2016, A/Congo/0691/2016",100.0,0.0014466916208637078,0.002075780011154322,0.0002494035590648895,0.0006170953462831713,0.0008421204025834648,0.0017227743540179144,0.015464056920498803
"A/Wisconsin/104/2016, A/Illinois/16/2016",100.0,0.000181173939512501,0.00011873323157537349,4.102055535752261e-05,9.988868560637152e-05,0.0001859210296122944,0.00022834801252605042,0.000839474514364514
"A/Brisbane/17/2017, A/Catalonia/NSVH100373132/2016",100.0,0.0018100233269388644,0.0010558117857341323,0.00028522245369147297,0.001006137705760754,0.001621177926596713,0.0024134506436712584,0.005318430185348111
"A/NAGANO-C/49/2016, A/Brazil/8163/2016",100.0,0.0010834686344688468,0.00036224091887128456,0.0005605680932478608,0.0008287872366945326,0.000937558849492317,0.0013066518268645166,0.002014232192652433
"A/Montenegro/324/2016, A/Perth/10/2017",100.0,0.0008125081990661579,0.0005311125036154639,6.365926900869193e-05,0.0003183360515054458,0.0008461026910931342,0.00105013429667738,0.0028342362405536594
"A/KOBE/248/2016, A/Georgia/60/2016",100.0,0.0010531498684787845,0.000713285944570862,2.765226018557524e-05,0.000709678441331455,0.0010642768749219965,0.0012174467124068315,0.0028656053384305893
"A/Madagascar/6380/2016, A/Catalonia/NSVH100373132/2016",100.0,0.0018752131299375448,0.0008148586476544307,0.0008105597039460529,0.0011375545050095433,0.0018628848211904902,0.002454743401599475,0.004135357232070583
"A/Delaware/07/2016, A/California/32/2017",100.0,0.0006912404126395676,0.0004863202727996725,2.67615207706592e-05,0.0003955592649205376,0.0005016407516738573,0.0010660395558096348,0.002456810785818401
