seqs,count,mean,std,min,25%,50%,75%,max
"A/Passo_Fundo/LACENRS-224/2016, A/Mexico/109/2017",100.0,0.00016079468359640452,0.0002252804623697176,1.1245060132423675e-05,4.227347350760167e-05,7.180810086917236e-05,0.00019387937728761214,0.0018936271610650738
"A/Lisboa/32/2015__NIB-98__(16/242), A/Texas/34/2017",100.0,0.0004282220463357528,0.0005904243561473505,1.2197581048668089e-05,4.1768175867320134e-05,0.00015308734881189413,0.0006540119451190824,0.0031345850677017176
"A/Guatemala/52/2016, A/Kansas/18/2016",100.0,0.0011835717599676127,0.000826843363842166,0.00022960931724037885,0.000419976895376606,0.0012133681838441923,0.001738535574219819,0.0034798953234989926
"A/TOKYO/EH16/2016, A/Bretagne/1153/2016",100.0,3.6526714884696134e-06,3.008523218973347e-06,0.0,1.5282326361775663e-06,3.0045100925162483e-06,5.373787160279678e-06,1.2948970972393588e-05
"A/England/503/2016, A/Kentucky/14/2017",100.0,0.00024230981036021406,0.0003088906413028678,7.320787863941696e-06,4.184555266714594e-05,0.00017205158382718993,0.0003086428291605372,0.0024443511597408633
"A/Pennsylvania/33/2016, A/Laos/4392/2016",100.0,0.00018976863405399642,0.000762326486861354,3.357171959888062e-05,5.971252057933959e-05,7.680965509326352e-05,0.00011921669800980872,0.007632208837386522
"A/Pennsylvania/18/2016, A/Texas/104/2016",100.0,0.0006582069952238293,0.0013851449146761669,8.539257522228532e-06,5.4950787217911294e-05,0.0004882876958761525,0.0006864587436442348,0.009991056250336226
"A/Rio_de_Janeiro/257s1/2016, A/Porto_Alegre/LACENRS-1318/2016",100.0,5.29016572677065e-05,0.00010464883669275671,7.864202246249246e-06,2.1826925149528675e-05,2.6939679750907757e-05,3.92551993527116e-05,0.0006772506901307477
"A/KANAGAWA/IC19/2016, A/Singapore/TT1384/2016",100.0,0.000468338200040952,0.0009930248445364559,2.893995616963242e-05,0.00028538575506869407,0.0003125384822231487,0.0003573636287016104,0.008773738139726279
"A/Cote_D'Ivoire/582/2016, A/Baltimore/0117/2016",100.0,0.0,0.0,0.0,0.0,0.0,0.0,0.0
