Time,A/swine/Shandong/1207/2016,A/Ohio/13/2017,A/Indiana/08/2011,A/canine/Illinois/12191/2015
Jan 2018,0.0327810934505408,0.0339151225793118,0.0384159076021712,0.0804145390418644
Jul 2018,0.0310511286415228,0.0293559423925594,0.0409836772696133,0.0648425817825139
Jan 2019,0.0444153555740765,0.035359450374987,0.0388601258423199,0.0606342455031457
Jul 2019,0.0378985605567117,0.0300912351458555,0.0498367199869048,0.0539590219504841
Jan 2020,0.0286767607829657,0.030729608946052,0.0466893860253816,0.0598563239239589
Jul 2020,0.0341831005789947,0.0323150678222436,0.0532210027981795,0.0626537719959803
Jan 2021,0.0584530731893964,0.0325008322292792,0.0490333579476621,0.0641464644163703
Jul 2021,0.069475778369453,0.0305992018345236,0.0418150840885649,0.0655946846045326
Jan 2022,0.0455927257699436,0.0385508746609523,0.0505951394392431,0.063618836471224
Jul 2022,0.0468648512219147,0.0486697356148818,0.0694386670110275,0.068311045406818
