seqs,count,mean,std,min,25%,50%,75%,max
"A/Macedonia/1350/2019, A/Wisconsin/269/2019",100.0,0.001777887967052888,0.0020825516983952676,6.554257535217831e-05,0.0006539960573064324,0.0010553119889067418,0.0020689452337430848,0.011148909836053425
"A/Pennsylvania/832/2019, A/Jamaica/0488/2019",100.0,0.0001795001560748284,0.00032504654645254305,0.0,4.188229283922867e-06,6.318021576955988e-05,0.00016109711860777065,0.0019696028670205382
"A/England/194800308/2019, A/Alsace/1338/2019",100.0,0.0,0.0,0.0,0.0,0.0,0.0,0.0
"A/Michigan/207/2019, A/Macedonia/185/2020",100.0,0.0025499447485010495,0.0017932501747695156,0.0005416677481480722,0.0013491653393113909,0.0020116618003717733,0.003035414274021332,0.010259719672659928
"A/Ontario/RV2300/2019, A/Serbia/180/2020",100.0,0.0013883389086884943,0.001567280355853404,0.0001767564121471461,0.0004666293406101731,0.0007410738293751084,0.0015088723887201495,0.006771065466579427
"A/Louisiana/23/2019, A/Washington/9149/2019",100.0,0.00011711226726803851,0.0002276336886626818,0.0,1.369237733345922e-05,3.53784931788626e-05,9.364679910308846e-05,0.0012309282461749373
"A/Albania/0080/2019, A/England/521/2019",100.0,0.0013262319828095275,0.0015223739143398493,0.00015663089540558404,0.0004653407038953649,0.0007032354243112526,0.0015131810645066979,0.00660975924267046
"A/England/10774/2019, A/Wisconsin/132/2019",100.0,0.002410876261137437,0.0017645219736651709,0.0005103690964505327,0.0012990934681096377,0.0017618574003407874,0.002994928480434025,0.010004839652562063
"A/Missouri/20/2019, A/Indonesia/NIHRDPAL742/2020",100.0,0.005812082092649346,0.0026721774518380357,0.0018034177766093876,0.0038456210881928363,0.005020237569005518,0.007352506497132383,0.014023496053992052
"A/Michigan/166/2019, A/Washington/524/2019",100.0,0.002911022984313477,0.0017737757670991633,0.0010072054980891454,0.0017999967636383827,0.002295968858108584,0.0035024155685739813,0.0106591942742005
