seqs,count,mean,std,min,25%,50%,75%,max
"A/Colorado/17/2019, A/Czech_Republic/139/2020",100.0,0.00042950292328525105,0.0004916204476627898,1.148336957383372e-05,9.852318636306679e-05,0.000202622697601434,0.0004589600947208199,0.001752747004762214
"A/England/191800684/2019, A/England/194240408/2019",100.0,0.0014673753780018806,0.0006787291924987614,0.0003857197237061434,0.00092225552182599,0.001409767700379107,0.001886388278236604,0.003322623081476151
"A/England/200220528/2020, A/South_Australia/1108/2019",100.0,0.0012197310353232304,0.0008834586224015352,0.00013300878115396817,0.00047598051902528226,0.0009687710707720683,0.0018537381365249135,0.004104036242555102
"A/Perth/1045/2019, A/England/191420476/2019",100.0,0.00036918379814521694,0.0004765417205697287,1.1170011037068322e-05,6.699011607728854e-05,0.00014856954237260923,0.000377381764985212,0.001680411216990312
"A/Sweden/61/2019, A/Yasothon/383/2019",100.0,0.0015987668791356577,0.0006735427075269301,0.0004602874489017725,0.0010779449342168106,0.0015015346888020403,0.002006288263074644,0.0033423327490252038
"A/Netherlands/01173/2019, A/Iceland/84/2019(23369)",100.0,0.0030434649584666087,0.0008231379455625587,0.0011838312938915187,0.002519840893414105,0.0029867403552909814,0.00359576273972411,0.005596390257416235
"A/England/9738/2019, A/Jamaica/4482/2019",100.0,0.0002184108150504715,0.00028727061865140577,0.0,9.068097108906889e-06,0.00013149256543674488,0.00030530511134659944,0.0012532239815725747
"A/Montana/63/2019, A/Caerphilly/9415/2019",100.0,0.0024379536540616183,0.0009755662183563269,0.0008108013644535148,0.001675178446316997,0.002366530792445003,0.0030421066909721416,0.005201983448258511
"A/South_Korea/9646/2019, A/Laos/2362/2019",100.0,0.0018250547556261086,0.0008122994902458006,0.00044845732475675554,0.0012386085567268365,0.0016479748325487044,0.0022947711764108826,0.004620559921674592
"A/Henan-Chuanhui/1343/2019, A/Trinidad/2705/2019",100.0,0.00022310306055736592,0.00030684878493488264,4.877847943920481e-06,6.0410848226802144e-05,0.00013338550476924845,0.00027205039702100426,0.001985976055306779
