seqs,count,mean,std,min,25%,50%,75%,max
"A/Delaware/13/2015, A/Canoas/LACENRS-773/2015",100.0,0.0,0.0,0.0,0.0,0.0,0.0,0.0
"A/Kazakhstan/53/2015, A/Hawaii/44/2015",100.0,0.00032197828136667724,0.00023432894283523147,5.035325401851774e-05,0.00016977477897706144,0.00024120504754606412,0.0003884882387339511,0.001080564701317752
"A/New_Jersey/48/2015, A/Florida/94/2015",100.0,0.0,0.0,0.0,0.0,0.0,0.0,0.0
"A/Hunan-Yueyanglou/1756/2015, A/Puerto_Rico/06/2015",100.0,0.0,0.0,0.0,0.0,0.0,0.0,0.0
"A/Georgia/481/2015, A/Rio_Grande_Do_Norte/135497-IEC/2015",100.0,0.00029188942656500205,0.0003868678323843921,3.455036945208659e-05,9.20180188724251e-05,0.00015556690086663795,0.0002444085953566819,0.0015963932314245058
"A/Victoria/2071/2015, A/Palestine/61/2015(H3N2)",100.0,0.0004009371069974545,0.00023228147846089483,0.00013248908205571426,0.0002416813525460422,0.00030943526696968285,0.000518451431744644,0.001653902641996682
"A/Hawaii/71/2015, A/Florida/68/2015",100.0,9.813209569525327e-06,7.724773345498007e-05,0.0,2.997114997873909e-08,7.989866783526929e-07,3.774982495448729e-06,0.0007740702934673033
"A/Athens.GR/175/2016, A/Arizona/58/2015",100.0,0.0013894726390307694,0.0007686374632215193,0.000441126025851531,0.0007107259147008909,0.0010559962730587106,0.0021382190472924657,0.003601599121082901
"A/Cyprus/F98/2015, A/SHIZUOKA-C/36/2016",100.0,0.00040887816440986853,0.00025437501356917827,0.00012907479852077835,0.00023094483742078714,0.00030343208784780365,0.0005248408174951733,0.0016441981600431943
"A/Alaska/210/2015, A/Henan-Xigong/125/2016",100.0,0.0013625272861782997,0.0009772507674318525,0.0003052277570259567,0.0005399596888885727,0.000729920388919037,0.002019461699899305,0.0038591233746659522
