seqs,count,mean,std,min,25%,50%,75%,max
"A/Uganda/UVRI/Fortportal/004/2015-11-09, A/Peru/5790/2015",100.0,0.0008000240585146331,0.0006485290534848222,0.0001508767948092616,0.0003850643219004443,0.0005753247522391838,0.0010290402883804716,0.0033279443364510933
"A/Peru/27/2015, A/Para/134244-IEC/2015",100.0,0.0007859760696149996,0.0006305483964157216,0.00019541326146988282,0.000353532448958852,0.0004884949328816903,0.0011799527994658138,0.003621005362725765
"A/Texas/77/2016, A/Anhui-Xiangshan/11213/2015",100.0,0.00047501980448004993,0.0005655688401839938,1.2388562183122995e-05,9.865088231239251e-05,0.00019444572095933142,0.0006392545586392784,0.002330142082521913
"A/Ecuador/2369/2015, A/Alingsas/1/2015",100.0,0.0011371292586232237,0.0008174995379931969,0.0002862122681907654,0.0006548798012691816,0.0008431527588038941,0.001189619609502144,0.004710741802889558
"A/Argentina/250/2015, A/South_Australia/55/2014___(14/226)",100.0,0.0010928015651330998,0.0008219614594385371,0.00011322315356353757,0.0003983652579610419,0.0008434920866000095,0.0015993677950867026,0.0037529015264532095
"A/Oklahoma/02/2016, A/Istanbul/172/2015",100.0,0.0005916463769446514,0.0006122382428820059,7.231707242220909e-05,0.00020434657213803855,0.0003324566033942112,0.0006661273606904521,0.0029505962740511045
"A/Luxembourg/15060747/2016, A/Texas/12/2016",100.0,0.0006750456315922772,0.0006019146368676082,0.00010384124713256738,0.0003118708087674906,0.0004563164383298463,0.0007500234639646153,0.0029490875679993793
"A/Texas/15/2016, A/Liaoning-Shuangta/1491/2015",100.0,0.0007167961867737639,0.0006432338308465543,0.00011059965616953165,0.0002615048080997658,0.0004222873250075942,0.0010557546128933558,0.0028782568111977245
"A/California/75/2016, A/Texas/72/2015",100.0,0.0005684365917667156,0.0004668170577244038,0.00013406217590041362,0.00026621628928920793,0.00042269600038344205,0.0007164913779615832,0.003293741175088349
"A/Stockholm/65/2015, A/Anhui-Xiangshan/16/2016",100.0,0.00033740047773588066,0.000322248982469549,5.8410449292172434e-05,0.00013616040291672326,0.00023345612257955566,0.0003950341865588451,0.002046654724160278
