Subtype,Gene,Hemisphere,Random Error (2 decade),Enet Error (2 decade),Improvement (2 decade) (%),Random Error (1 decade),Enet Error (1 decade),Improvement (1 decade) (%)
H1N1,HA,North,12.039064798499371,9.758463935663922,23.370490252063295,6.995090955738123,4.141738835979942,68.8926132901152
H1N1,HA,South,12.81428597051501,8.695980694079902,47.358721475069416,6.722986893808501,4.020198824508278,67.23020893452473
H1N1,HA,Average,12.426675384507192,9.227222314871913,34.674065070249604,6.859038924773312,4.08096883024411,68.07378860482565
H3N2,HA,North,8.821633439108636,5.528719422043378,59.56015789002039,10.117744274800073,6.403197581193496,58.01080860781779
H3N2,HA,South,8.452491449558098,4.826072765738807,75.14222971447747,9.303824177514645,5.160939585525805,80.27384400328641
H3N2,HA,Average,8.637062444333367,5.177396093891092,66.82251633257113,9.710784226157358,5.78206858335965,67.94654172910107
H1N1,NA,North,8.786990888870868,7.635394068202464,15.082349520952945,4.70892790421363,3.6428995845633794,29.26318156469361
H1N1,NA,South,9.841431712656835,7.481589764991649,31.54198535059373,4.845695158977717,3.7160895687703337,30.3976954619308
H1N1,NA,Average,9.314211300763851,7.558491916597056,23.22843503095583,4.777311531595673,3.6794945766668565,29.836080256525236
H3N2,NA,North,4.587663635283579,3.555488215653534,29.030483495508378,4.495748301776833,3.404576144018455,32.05016165302904
H3N2,NA,South,5.1570586709258635,3.561483127239606,44.800873307040995,4.722831984678428,3.4726100135399482,36.00237188350483
H3N2,NA,Average,4.8723611531047215,3.55848567144657,36.922320418506686,4.60929014322763,3.438593078779202,34.04581576323242
