seqs,count,mean,std,min,25%,50%,75%,max
"A/Pennsylvania/590/2019, A/Maryland/31/2018",100.0,0.0018377655473712576,0.0011357113008964956,0.0004770087556086768,0.0008691969565891693,0.0014326970634845819,0.0026224821968172684,0.006127583848539822
"A/Samara/468/2019, A/Moscow/85/2018",100.0,0.0009344732978555676,0.0006733616220852287,0.0002623631217460679,0.000456859703495065,0.0006227939985399189,0.0015102268698245795,0.002878386694208331
"A/Utah/16/2019, A/Pennsylvania/121/2018",100.0,0.002700086391808529,0.001715863801125822,0.00036708290233689034,0.0011959480706633452,0.0023800854850263486,0.0036028974109046006,0.0113220812945438
"A/Sweden/82/2018, A/North_Dakota/29/2018",100.0,0.0008080226773570069,0.0004207197418306687,0.00026078729974880576,0.0005525957688214346,0.0006714889912792373,0.0008633882242744146,0.0025740205120025
"A/California/NHRC-OID_FDX100261/2019, A/Laos/3072/2018",100.0,0.000669363370381833,0.0004491248617182301,0.00012956286221297992,0.00040429152486794027,0.0005138087726072427,0.0007370192119658154,0.0025397563470522695
"A/Connecticut/37/2018, A/Bosnia_and_Herzegovina/13640/2019",100.0,0.0011131707546993372,0.0007552575353158527,0.00018920781161709172,0.0005024966806039564,0.0008289848689734464,0.0016862622343082093,0.0035773722658580674
"A/Ohio/8332/2019, A/Michigan/24/2019",100.0,0.0021519475430963916,0.0014196759832020571,0.0002675417091932657,0.0009856260758801159,0.002153449943220272,0.0025273286504419097,0.009822006799565857
"A/Newcastle/25/2018, A/Viet_Nam/NHRC_FDPMU-004/2018",100.0,0.0006767789759627803,0.0004734205854720932,9.644898331508354e-05,0.0003497897154500526,0.0004953820144500317,0.0009052406467038979,0.002326985674308473
"A/Xinjiang-Tianshan/SWL11008/2018, A/Washington/80/2019",100.0,0.0010406055566670584,0.0008144181324366001,0.00030188791715231994,0.0005079413785780211,0.0006830353990235308,0.0016383914733223263,0.004160405410104288
"A/South_Korea/7588/2018, A/Netherlands/00135/2019",100.0,0.0008967846754062895,0.00042807185271711326,0.0003084331630739424,0.0006400730056619228,0.0007772920036186819,0.0009312517732019056,0.0026400779520585477
