seqs,count,mean,std,min,25%,50%,75%,max
"A/Macao/603509/2018, A/NARA/23/2019",100.0,0.0005491134138098775,0.0004020739499712127,7.175987488667514e-05,0.0002625217161327417,0.00044681718740774293,0.0007168472208758191,0.0017248334181368403
"A/TOYAMA/21/2019, A/Antalya/9/2018",100.0,0.001092632584541875,0.0010770778426422271,8.246829271595321e-05,0.00027013962085066024,0.0004930408048362564,0.0017320030818690287,0.004841245051688226
"A/Singapore/TT0302/2018, A/Serbia/3477/2018",100.0,0.0005667405764007783,0.0005481867718139799,6.0387256723435746e-05,0.0001570390409918692,0.00023762982047984555,0.0011350823419837097,0.0022305798376395084
"A/Albania/9168/2019, A/Tennessee/08/2019",100.0,0.0007264565842268105,0.0007468922741958373,4.5941423890768894e-05,0.00019692887670684454,0.0003313350834572643,0.0014359470974257761,0.0030008292386845097
"A/KANAGAWA/IC1832/2019, A/Laos/2214/2018",100.0,0.0008069107831356605,0.0009113034032765128,7.446402432158633e-05,0.0001861117588106307,0.0004916747960393515,0.0011169336628175572,0.006376143044769016
"A/Saskatchewan/RV4070/2018, A/Newcastle/42/2018",100.0,0.0005153247893940611,0.0006448482659659791,5.617180428557372e-06,9.289123629337678e-05,0.00018778899212267735,0.0006489549701520932,0.003273444131595032
"A/Macedonia/788/2019, A/Bahia/107/2018",100.0,0.0006205242995433541,0.0005807075450185017,4.569840751388935e-05,0.00016084632648747591,0.00033107590650945573,0.0011474463309655307,0.0023495142592887767
"A/Singapore/TT0369/2018, A/Victoria/10/2018",100.0,0.0001209534465124354,0.0003062693007815758,0.0,4.518278088167553e-06,9.86089264532248e-06,2.5983390410966016e-05,0.0015710129436743781
"A/Hong_Kong/1102/2018, A/Greece/199/2019",100.0,0.0002462194436793437,0.000313723455910732,8.954004264422297e-06,4.768258686633465e-05,7.687257023509947e-05,0.00037830203983472825,0.0012597424159267949
"A/Netherlands/00143/2019, A/Singapore/TT0471/2018",100.0,0.0002700693492502145,0.0006048267629451899,6.419379789611969e-07,1.2588789035128019e-05,2.382783787702731e-05,0.0003621466008186918,0.0052450929299680685
