north_season,north_h1n1_ha,north_h1n1_na,north_h3n2_ha,north_h3n2_na,south_season,south_h1n1_ha,south_h1n1_na,south_h3n2_ha,south_h3n2_na
02_03,2.1358024691358026,2.3333333333333335,6.508148148148148,19.073529411764707,03,1.6857142857142857,1.1333333333333333,2.0236220472440944,4.3727959697733
03_04,1.6956521739130435,14.852941176470589,3.0369609856262834,10.32128514056225,04,4.56,11.8,2.4976190476190476,3.713636363636364
04_05,2.5784313725490198,23.548387096774192,2.9301075268817205,15.144356955380577,05,7.2303030303030305,41.84375,3.7866323907455013,4.792626728110599
05_06,8.074375,4.229629629629629,3.9660377358490564,4.078224101479916,06,6.808928571428571,15.290265486725664,5.196296296296296,6.1
06_07,5.211,7.2592592592592595,5.04434250764526,4.664406779661017,07,15.432515337423313,9.88888888888889,4.391038696537678,5.301587301587301
07_08,3.537037037037037,11.002,7.352008456659619,7.592426187419769,08,7.385474860335195,9.470281690140846,13.375342465753425,1.929663608562691
08_09,192.089,47.834,6.549,2.489,09,9.755,5.827,3.3496,2.43
09_10,5.267,7.073,5.3914285714285715,2.6415929203539825,10,7.17,2.983,5.178,2.194
10_11,4.9536,2.73,5.171,2.71,11,5.140298507462687,2.8603839441535777,6.486,3.525
11_12,5.192032686414709,2.861004784688995,6.4036,3.837,12,6.91433506044905,3.45724907063197,13.8405,6.578
12_13,3.974,2.151,3.61,1.54,13,3.8246828143021916,4.310615989515072,4.901766004415011,4.826034063260341
13_14,2.602,3.047,4.591,3.7785,14,8.348214285714286,8.073090277777778,6.6564,4.2894
14_15,6.324,6.3412,5.016,2.6,15,3.3282674772036476,3.917,2.864,3.464
15_16,1.744,1.504,6.004,4.544,16,2.485,2.501,6.347,3.939
16_17,2.476,1.917,5.363,5.7185,17,2.459,2.465,7.1225,4.5024
17_18,2.794,2.112,4.984,3.331,18,4.053,2.505,8.3474,4.387
18_19,4.6406,4.181,11.046,7.6911,19,3.745,2.658,8.159,3.775
19_20,5.0817,2.999,11.9673,5.935,20,34.48,17.132142857142856,6.525649350649351,1.9264214046822743
20_21,9.653679653679653,6.2105263157894735,9.124109589041096,3.213872832369942,21,8.626423690205012,2.611007025761124,6.8708,2.348
21_22,6.7713,2.889,4.096,1.952,22,6.375,2.532,5.73,3.46
