seqs,count,mean,std,min,25%,50%,75%,max
"A/Hong_Kong/3106/2017, A/Luxembourg/18003772/2018",100.0,0.000610564163379445,0.0013184686034797303,5.74224364798468e-06,0.00018473382444797955,0.00033157518729900744,0.0005969354426678491,0.012576290917124835
"A/Argentina/1994/2017, A/Wisconsin/316/2017",100.0,3.1026551431762635e-05,0.00013623772678993264,0.0,0.0,0.0,4.17953348788421e-06,0.0007772605988032587
"A/California/10/2018, A/Hawaii/58/2017",100.0,6.950973626208372e-05,0.00013386433095521736,0.0,8.474846333369974e-06,2.5742215089659725e-05,5.6917471368474856e-05,0.0007221481903511801
"A/Maine/16/2017, A/Croatia/3608/2017",100.0,0.0004645870139020932,0.00039805839301529784,1.2500478510564328e-05,0.000217008315654821,0.0003801618026809619,0.0005835786128641421,0.00209151352477196
"A/South_Carolina/7253/2018, A/Michigan/UOM150524133771/2018",100.0,4.281335104670134e-05,8.263600082321284e-05,0.0,6.9569004861151665e-06,2.0064724467269625e-05,4.479168275290147e-05,0.0007194008188077056
"A/Arkansas/27/2017, A/Sweden/86/2017",100.0,6.622082432295638e-05,0.0001971317883651781,0.0,1.5866720126978517e-06,7.405644675579443e-06,1.9497482846538787e-05,0.0010855844398963926
"A/Tasmania/72/2017, A/Michigan/242/2018",100.0,0.0,0.0,0.0,0.0,0.0,0.0,0.0
"A/Pennsylvania/278/2017, A/Texas/313/2017",100.0,4.047143723490785e-05,8.18411701971772e-05,0.0,6.9569004861151665e-06,1.929128182437224e-05,4.0137497056793917e-05,0.0007194008188077056
"A/Lisboa/niRL020_17-18/2017, A/West_Virginia/09/2018",100.0,9.43357573840576e-05,0.0001592559641219895,0.0,1.4445479112215879e-05,4.289892068440935e-05,0.00010875893088001885,0.0010730502221765648
"A/Pennsylvania/318/2018, A/Brandenburg/2/2018",100.0,0.0001479909818026952,0.00034607238850042573,0.0,4.317475659094556e-06,1.5870567571291685e-05,4.119213956017512e-05,0.0023677924697598192
