seqs,count,mean,std,min,25%,50%,75%,max
"A/Kuwait/922/2018, A/Pennsylvania/240/2017",100.0,0.0008711750866721191,0.0009744583343360182,1.7127026365582088e-05,0.00038833631944616036,0.0006906025222734051,0.0010726725947669605,0.006736033044651362
"A/Perth/329/2017, A/Michigan/156/2017",100.0,0.0009925224093834284,0.0009242754157984758,1.1268411290393917e-05,0.00047089331939609096,0.0007595386158616989,0.0013903818827864858,0.0069046770340255685
"A/Sri_Lanka/1/2018, A/England/74620549/2017",100.0,0.0010415577139555022,0.0009760721481414791,1.563353873509919e-05,0.0005309515050261433,0.000761301229401187,0.0012261275960336066,0.006715854793765449
"A/Sweden/37/2018(2819), A/North_Carolina/50/2017",100.0,0.0006962918687579185,0.0008375719635924686,2.0658952142124483e-05,0.00030830407710147063,0.00046397478186737155,0.000810632407723053,0.006633630963352358
"A/Victoria/72/2017, A/Arizona/38/2017",100.0,0.0006514946385158571,0.0007628491403349405,6.076237946409581e-06,0.0003144770912190689,0.00046679201933270856,0.0007347256352878348,0.005991967134370982
"A/Norway/2171/2017, A/Michigan/52/2017",100.0,0.0008294619508983658,0.0008295675057633878,2.5308837681517704e-05,0.0004054177984260282,0.000618997792907033,0.0010949872829016456,0.006714184745405679
"A/Wyoming/15/2017, A/Laos/F3308/2017",100.0,0.000968819500459264,0.0011373370107774403,1.4496870530601418e-05,0.0004516161444718638,0.0006803507928139074,0.0012173335504058551,0.008231820013701064
"A/Singapore/TT1467/2017, A/England/75020491/2017",100.0,6.515578111861788e-05,0.0001399271931533804,0.0,1.259026659388999e-05,3.664638461322876e-05,6.114417773506834e-05,0.0012318291782342987
"A/Kuwait/922/2018, A/Laos/F3379/2017",100.0,0.0008033716792391718,0.0009672940720718495,2.0658952142124483e-05,0.0003311102830747568,0.0005091899062940501,0.0009844160293476303,0.007634153518175809
"A/Laos/F3781/2017, A/Fiji/71/2017",100.0,0.0003271010430664519,0.000399703452115494,0.0,8.147673979871737e-05,0.00019077075390397662,0.0003978286588868734,0.0024741510717037896
