Time,A/swine/Shandong/1207/2016,A/Ohio/13/2017,A/Indiana/08/2011,A/canine/Illinois/12191/2015
Jan 2018,0.0584519115402958,0.0278603310064089,0.0299851555432642,0.0569818925867041
Jul 2018,0.0547827321179091,0.0317538207871383,0.0362551600262654,0.0585163381773751
Jan 2019,0.0571664826967709,0.0315910764519847,0.0399667285451254,0.0721916721872427
Jul 2019,0.0553477624433841,0.0257685939835087,0.052922534761333,0.0711249788527525
Jan 2020,0.0340093952352171,0.0346937872745597,0.0343732055757988,0.0750244829434849
Jul 2020,0.041857104236768,0.0310424177328973,0.0375539217445015,0.0546738652675988
Jan 2021,0.0535804162028209,0.0313641686296966,0.0424080540199634,0.0600956399376557
Jul 2021,0.0682157387593236,0.0326786860066857,0.0500369631854996,0.0873201376645501
Jan 2022,0.0490896679683839,0.0221222806114391,0.027497033579242,0.037905032461348
Jul 2022,0.0435193625808654,0.0302186056224594,0.0295310799312049,0.0363080752104737
