ermergence_SEM,impact_SEM
0.00246,0.00217
0.0248,0.0218
0.00426,0.00376
0.0695,0.0613
0.0043,0.00378
0.0329,0.029
0.002,0.00176
0.0268,0.0235
0.0204,0.0179
0.0238,0.0209
0.00273,0.0024
0.0254,0.0222
0.00305,0.00268
0.0276,0.0242
0.00336,0.00294
0.00335,0.00294
0.0051,0.00446
0.00224,0.00196
0.00351,0.00308
0.0254,0.0222
0.0034,0.00298
0.0034,0.00297
0.0293,0.0256
0.00329,0.00288
0.00336,0.00294
0.00343,0.003
0.00343,0.003
0.00343,0.003
0.00343,0.003
0.00343,0.003
0.00343,0.003
0.00343,0.003
0.00343,0.003
0.00343,0.003
0.00343,0.003
0.00343,0.003
0.00343,0.003
0.00343,0.003
0.00343,0.003
0.00343,0.003
0.00343,0.003
0.00343,0.003
0.0245,0.0215
0.00343,0.003
0.00343,0.003
0.00344,0.00301
0.00344,0.00301
0.00344,0.00301
0.00344,0.00301
0.00341,0.00299
0.00278,0.00243
0.00349,0.00306
0.00226,0.00197
0.00335,0.00294
0.00333,0.00292
0.00323,0.00282
0.0277,0.0243
0.00334,0.00293
0.00334,0.00293
0.00334,0.00293
0.00418,0.00366
0.00331,0.0029
0.00332,0.00291
0.0239,0.0209
0.00329,0.00288
0.00345,0.00302
0.0277,0.0243
0.0276,0.0241
0.00382,0.00334
0.0318,0.0278
0.0351,0.0307
0.00265,0.00231
0.0298,0.026
0,0
