Subtype,Hemisphere,Clusters,WHO Error (2 decade),Enet Error (2 decade),Improvement (2 decade) (%),WHO Error (1 decade),Enet Error (1 decade),Improvement (1 decade) (%)
H1N1,North,1,33.803707038934874,30.255175611929975,11.728675690137695,13.776415112828493,8.235840193036614,67.2739488616647
H1N1,North,2,33.803707038934874,8.152617559085131,314.63624159905095,13.776415112828493,7.127170444202065,93.2943125281306
H1N1,South,1,32.22242802035602,28.249104078625955,14.065309578212041,13.474880312053127,8.35342339019657,61.30967727395464
H1N1,South,2,32.22242802035602,26.932038219419674,19.64348096432466,13.474880312053127,7.260633142769473,85.58822690927629
H3N2,North,1,11.175380190263162,7.862595790979491,42.13346949724066,10.935942600913739,9.532870758282629,14.718250967706156
H3N2,North,2,11.175380190263162,6.540711331451469,70.85878926540548,10.935942600913739,7.293928700847741,49.93212916439261
H3N2,South,1,11.081833050499801,9.074949545421402,22.114541739694133,10.493518459364164,9.879120365871369,6.219157887936144
H3N2,South,2,11.081833050499801,7.645917807874011,44.937904499671376,10.493518459364164,8.549805783070791,22.73399800662208
