Subtype,Hemisphere,Random Error (2 decade),Enet Error (2 decade),Improvement (2 decade) (%),Random Error (1 decade),Enet Error (1 decade),Improvement (1 decade) (%)
H1N1,North,34.03492572426065,30.255175611929978,12.492904225088264,14.771833769772268,8.235840193036614,79.3603739696385
H1N1,South,35.200252735389014,28.249104078625955,24.606616328135125,14.496621447215906,8.35342339019657,73.54108333870501
H3N2,North,10.80119820893612,7.862595790979489,37.37445617296005,12.450794221757087,9.53287075828263,30.609073986859837
H3N2,South,12.299964072069175,9.074949545421402,35.537547735181555,12.868083509134266,9.87912036587137,30.255357082080238
