seqs,count,mean,std,min,25%,50%,75%,max
"A/Pennsylvania/193/2017, A/Finland/700/2016",100.0,0.0020466499577434195,0.017064269425292614,2.8644753832631532e-05,0.00011110537349838747,0.00017636166913553023,0.00023242486663669395,0.17060332385217394
"A/Vermont/06/2017, A/Victoria/673/2016",100.0,5.611855037751728e-05,4.353447276664619e-05,5.916611929191018e-06,2.8246503413918604e-05,4.572347123685427e-05,6.959939810506697e-05,0.00021527521293945398
"A/Lyon/2411R0030/2016, A/Fes/365/2016",100.0,0.0,0.0,0.0,0.0,0.0,0.0,0.0
"A/South_Africa/3437/2016, A/Washington/126/2017",100.0,0.00023676610115796483,0.0002564521366465849,1.570564253485191e-05,0.0001315502101369407,0.000174879936984907,0.0002601894606670906,0.001571669279285926
"A/Washington/147/2016, A/Oklahoma/18/2016",100.0,0.0006058450033997587,0.001231737448758936,2.2460432169345383e-05,0.0002603272025388635,0.000341555171600401,0.0005167188718823418,0.011577359665631726
"A/Pennsylvania/134/2016, A/Washington/130/2016",100.0,0.00024582419810154006,0.0016453357602197736,0.0,2.675047529985713e-05,4.497548201543078e-05,0.00010679296651373323,0.0164716981013022
"A/Stockholm/12/2017, A/Netherlands/3764/2016",100.0,0.0005884240058694014,0.0007417503184889054,7.454394572958036e-06,0.0002890862724538602,0.000363773965029811,0.0005000158955467494,0.0043223105570742
"A/Finland/734/2017, A/Montana/53/2016",100.0,0.00038179920420493204,0.0011659576352445707,2.2071814951484164e-06,0.00013834422414288247,0.00020332168114924878,0.00026235145350070733,0.01147932942721604
"A/Utah/44/2016, A/Illinois/53/2016",100.0,0.00020473696983979654,0.0011167600107661183,4.2387999111375795e-06,4.879822401352643e-05,7.734716848614182e-05,0.00011410354139666535,0.01123591075350777
"A/Victoria/12/2016, A/Santa_Catarina/1909/2016",100.0,0.0004238823425345009,0.0011494427784547827,3.4718930242221654e-05,0.00017438064128114084,0.00024516771982080324,0.00035422960355735054,0.01142343582922021
