seqs,count,mean,std,min,25%,50%,75%,max
"A/Shanghai/19/2017, A/LyonCHU/2812R490/2016",100.0,0.001224021362865545,0.0013716270560807826,7.851579117334476e-05,0.0006254557261313114,0.0007685379901942287,0.001789812912022378,0.012211635254382359
"A/Alba/206712/2017, A/Kosovo/1146/2016",100.0,0.0010983302181882513,0.0013384693967409518,5.662813994208387e-05,0.0005225112965558475,0.0006935394112397679,0.001527279125318219,0.01209507845298357
"A/Diyarbakir/1918/2016_(TR-07), A/England/70180215/2016",100.0,0.0,0.0,0.0,0.0,0.0,0.0,0.0
"A/England/70680139/2017, A/California/135/2016",100.0,0.0015580233274313507,0.013492632449399898,0.0,0.00011220137951270663,0.00015263262653426345,0.00022088993089941305,0.13511583907741473
"A/South Australia/138/2016, A/Sydney/18/2017",100.0,0.0009296411891809061,0.0013097545692456049,0.00010956314988866074,0.00041901567180664873,0.000589370797888313,0.0008757267806129688,0.011916094011953676
"A/London/66U011389-40_S40_L001/2106, A/Washington/230/2017",100.0,0.0013328523726041394,0.0015906815760017522,8.783918076884658e-05,0.000580435519901305,0.0008257969555360443,0.0018778095613790455,0.012195943879705226
"A/Serbia/7919/2016, A/Kostroma/CRIE-212/2017",100.0,0.00016908643203389216,0.0003308655679501845,0.0,9.240370285735213e-06,1.8979367288480184e-05,5.446882245399275e-05,0.0016453353118511854
"A/South Carolina/09/2016, A/England/64580215/2016",100.0,0.0005035024963905173,0.0003336284138025507,5.232470016160361e-05,0.00032432787119874776,0.00043644345392210174,0.0005933241599486428,0.0021327277281000703
"A/England/70680443/2017, A/Oman/74/2016",100.0,0.001107352424315689,0.0013000297627095076,4.959204427921364e-05,0.0006719082185627299,0.0009123684599664316,0.0011873584435208935,0.012515314371695594
"A/Texas/13/2017, A/South-Africa/VW0048/2016",100.0,0.0004984466723359935,0.0004828271459817246,1.0722078854660166e-05,0.00024011418427495216,0.0003049658733024599,0.00046381227747704657,0.001863622532996181
