seqs,count,mean,std,min,25%,50%,75%,max
"A/Texas/323/2017, A/Iowa/16/2018",100.0,0.0,0.0,0.0,0.0,0.0,0.0,0.0
"A/Arizona/MAP6094A/2017, A/Louisiana/62/2017",100.0,0.0,0.0,0.0,0.0,0.0,0.0,0.0
"A/Massachusetts/13/2018, A/Wisconsin/47/2018",100.0,0.0,0.0,0.0,0.0,0.0,0.0,0.0
"A/Missouri/32/2018, A/Brisbane/02/2018_IVR-190",100.0,1.580475427922784e-05,4.1989110114381894e-05,0.0,6.363035983749936e-06,9.697753543804607e-06,1.395645879258678e-05,0.00042310201119551984
"A/Jamaica/7829/2018, A/Texas/97/2018",100.0,0.0005476273821366817,0.0038395040618181774,0.0,0.0,0.0,1.521857205370138e-06,0.02833504386861809
"A/Indiana/34/2017, A/Virginia/7006/2018",100.0,0.0002501093385094985,0.00020665917611975288,0.0,0.0,0.00038441144198498564,0.0004165132812479846,0.0005278720476915181
"A/North_Dakota/09/2018, A/Minnesota/07/2018",100.0,0.0,0.0,0.0,0.0,0.0,0.0,0.0
"A/Missouri/03/2018, A/Wisconsin/113/2018",100.0,0.0,0.0,0.0,0.0,0.0,0.0,0.0
"A/Mississippi/28/2017, A/Texas/107/2018",100.0,0.00012778092176944517,0.00013649626304683293,0.0,9.484358018582804e-06,2.706691093917672e-05,0.00022550449685966877,0.0004732001916503078
"A/Illinois/38/2018, A/New_York/18/2018",100.0,0.0,0.0,0.0,0.0,0.0,0.0,0.0
