Subtype,Gene,Hemisphere,WHO Error1,Enet Error1,Improvement1 (%),WHO Error2,Enet Error2,Improvement2 (%),WHO Error3,Enet Error3,Improvement3 (%)
H1N1,HA,North,14.725,4.1450000000000005,71.85059422750423,10.84,4.04,62.730627306273064,11.48,2.88,74.91289198606272
H1N1,HA,South,15.024999999999997,10.115,32.67886855241263,9.77,4.24,56.60184237461616,9.8,4.4,55.10204081632653
H1N1,HA,Average,14.874999999999998,7.130000000000001,52.067226890756295,10.305,4.140000000000001,59.82532751091702,10.64,3.64,65.78947368421052
H3N2,HA,North,10.04,6.27,37.54980079681275,8.73,6.99,19.931271477663234,6.4,4.2,34.375
H3N2,HA,South,8.974999999999998,4.6850000000000005,47.799442896935915,8.239999999999998,4.040000000000001,50.97087378640775,6.980000000000001,3.5799999999999996,48.710601719197726
H3N2,HA,Average,9.507499999999999,5.4775,42.387588745727044,8.485,5.515000000000001,35.00294637595756,6.690000000000001,3.8899999999999997,41.85351270553066
H1N1,NA,North,10.2,3.6,64.70588235294117,7.18,4.38,38.99721448467967,9.959999999999999,3.7600000000000002,62.248995983935735
H1N1,NA,South,11.345,7.945,29.969149405024243,6.960000000000001,4.06,41.66666666666668,9.0,4.8,46.666666666666664
H1N1,NA,Average,10.7725,5.7725,46.414481318171276,7.07,4.22,40.31117397454032,9.48,4.28,54.85232067510548
H3N2,NA,North,6.185,3.3400000000000007,45.998383185125284,5.720000000000001,3.63,36.53846153846155,7.140000000000001,4.76,33.33333333333334
H3N2,NA,South,5.33,2.775,47.93621013133209,5.2700000000000005,2.71,48.57685009487667,7.340000000000001,2.82,61.58038147138966
H3N2,NA,Average,5.7575,3.0575,46.89535388623534,5.495000000000001,3.17,42.311191992720666,7.24,3.79,47.651933701657455
