north_season,north_h1n1_ha,north_h1n1_na,north_h3n2_ha,north_h3n2_na,south_season,south_h1n1_ha,south_h1n1_na,south_h3n2_ha,south_h3n2_na
02_03,3.0,1.0,17.0,13.0,03,3.0,1.0,23.0,9.0
03_04,4.0,-1.0,20.0,10.0,04,4.3,1.0,3.0,1.0
04_05,5.0,1.0,3.0,2.0,05,5.4,2.0,0.0,2.0
05_06,4.6,3.0,5.0,0.0,06,7.4,5.0,5.799999999999999,0.5
06_07,4.0,3.0,-1.0,-2.0,07,8.0,2.0,4.0,6.0
07_08,-4.0,2.0,3.0,7.0,08,7.0,24.0,1.0,-1.0
08_09,-2.0,0.0,3.0,1.0,09,2.0,0.0,2.0,0.0
09_10,118.0,89.0,2.0,2.0,10,1.0,2.0,3.0,0.0
10_11,3.9999999999999996,2.0,5.0,2.0,11,3.0,1.0,-2.0,3.0
11_12,7.0,4.0,0.9999999999999991,1.0,12,1.7999999999999998,1.0,4.0,5.0
12_13,5.0,1.0,-1.0,2.0,13,4.0,0.0,3.0,2.0
13_14,10.0,3.0,6.0,2.0,14,9.0,6.999999999999999,3.0,-1.0
14_15,10.0,7.000000000000001,6.0,1.0,15,8.0,6.0,10.0,3.0
15_16,11.0,8.0,10.0,1.0,16,9.0,9.0,3.0,8.0
16_17,15.0,14.0,-1.0,4.0,17,2.0,-1.0,0.0,6.6
17_18,2.0,-1.0,2.0,7.0,18,4.0,3.0,2.0,2.0
18_19,5.0,3.0,-6.0,-1.1000000000000005,19,4.0,4.0,2.0,3.0
19_20,6.999999999999999,6.0,3.0,7.0,20,6.299999999999999,6.0,-2.0,-3.0
20_21,5.0,0.0,-1.5999999999999996,-2.0,21,5.0,-5.0,18.0,3.0
21_22,-2.0,-13.0,0.0,0.0,22,4.0,0.0,3.0,2.0
22_23,0.0,0.0,0.0,0.0,23,0.0,0.0,0.0,0.0
