north_season,north_h1n1_ha,north_h3n2_ha,south_season,south_h1n1_ha,south_h3n2_ha
02_03,-4.0,7.0,03,-4.0,5.0
03_04,4.0,23.0,04,0.7999999999999989,1.0
04_05,1.0,0.0,05,-2.999999999999999,2.0
05_06,3.8000000000000003,11.0,06,1.4000000000000004,9.8
06_07,-7.0,3.0,07,2.0,5.0
07_08,-5.0,6.0,08,7.0,0.0
08_09,-1.0,3.0,09,-1.0,0.0
09_10,0.0,1.0,10,2.0,1.0
10_11,1.0,-1.0,11,3.0,-3.0
11_12,2.0,0.0,12,3.0,9.0
12_13,1.0,-10.0,13,3.0,-14.0
13_14,4.0,2.9999999999999996,14,9.0,2.0
14_15,10.0,-2.0,15,3.0,10.0
15_16,11.0,10.0,16,11.0,-2.0
16_17,16.0,-12.0,17,0.0,1.3999999999999995
17_18,2.0,-7.0,18,5.0,0.0
18_19,4.6000000000000005,-6.0,19,5.0,-3.0
19_20,5.999999999999999,0.0,20,7.1,-2.0
20_21,7.0,-12.000000000000002,21,5.0,18.0
21_22,6.000000000000001,7.0,22,-10.0,3.0
22_23,0.0,0.0,23,0.0,0.0
